Time;Rain;Temperature;Disease;Disease-lag1;Disease-lag2;Rain-lag1
29/01/2003;4.0;17.157840000000004;92.10279999999995;87.89199999999997;84.87999999999998;3.0
