Time;Rain;Temperature;Disease;Disease-lag1;Disease-lag2;Rain-lag1
05/02/2003;5.0;16.223874181818186;100.98342909090901;92.10279999999995;87.89199999999997;4.0
